Keyword,Article URL
racial discrimination,https://www.brookings.edu/articles/us-pesticide-regulation-is-failing-the-hardest-hit-communities-its-time-to-fix-it/
racial discrimination,https://www.brookings.edu/articles/twelve-facts-about-incarceration-and-prisoner-reentry/
racial discrimination,https://www.brookings.edu/books/hard-work-for-good-schools/
racial discrimination,https://www.brookings.edu/articles/preparing-for-domestic-climate-dislocations-what-can-we-learn-from-the-great-migration/
racial discrimination,https://www.brookings.edu/articles/mapping-racial-inequity-amid-the-spread-of-covid-19/
racial discrimination,https://www.brookings.edu/articles/a-year-after-charlottesville-once-the-monuments-are-gone-the-hard-work-begins-for-cities/
racial discrimination,https://www.brookings.edu/articles/pathways-to-upward-mobility-gender-gap/
racial discrimination,https://www.brookings.edu/articles/how-extreme-heat-threatens-black-renters-and-what-policymakers-can-do-to-fix-it/
racial discrimination,https://www.brookings.edu/articles/opportunity-policy-and-the-future-of-automation/
racial discrimination,https://www.brookings.edu/articles/ten-facts-about-covid-19-and-the-u-s-economy/
racial discrimination,https://www.brookings.edu/articles/changing-capital-markets-and-their-implications-for-community-development-finance/
racial discrimination,https://www.brookings.edu/articles/the-new-and-radical-school-voucher-push-is-quietly-unwinding-two-centuries-of-u-s-education-tradition/
racial discrimination,https://www.brookings.edu/articles/in-overturning-the-eviction-moratorium-the-supreme-court-continues-its-history-of-harming-black-households/
racial discrimination,https://www.brookings.edu/articles/black-reparations-and-the-racial-wealth-gap/
racial discrimination,https://www.brookings.edu/articles/the-biden-presidency-and-a-new-direction-in-education-policy/
racial discrimination,https://www.brookings.edu/events/webinar-strengthening-the-civic-fabric-of-the-nation/
racial discrimination,https://www.brookings.edu/articles/credit-denial-in-the-age-of-ai/
racial discrimination,https://www.brookings.edu/articles/how-states-can-empower-local-ownership-for-a-just-recovery/
racial discrimination,https://www.brookings.edu/articles/a-better-path-forward-for-criminal-justice-prisoner-reentry/
racial discrimination,https://www.brookings.edu/articles/the-coming-eviction-crisis-will-hit-black-communities-the-hardest/
racial discrimination,https://www.brookings.edu/events/housing-in-america-preview-screening-of-america-divided-with-norman-lear/
racial discrimination,https://www.brookings.edu/articles/the-inheritance-of-black-poverty-its-all-about-the-men/
racial discrimination,https://www.brookings.edu/articles/on-fair-lending-mulvaneys-actions-at-cfpb-speak-louder-than-his-words/
racial discrimination,https://www.brookings.edu/articles/building-resilient-rural-places-strategies-from-local-leaders-to-strengthen-rural-assets-diversity-and-dynamism/
racial discrimination,https://www.brookings.edu/articles/the-crown-act-hasnt-ended-hair-discrimination-in-texas/
racial discrimination,https://www.brookings.edu/articles/white-still-the-american-upper-middle-class/
racial discrimination,https://www.brookings.edu/articles/what-if-something-happens-a-qualitative-study-of-the-american-middle-class-before-and-during-the-covid-19-pandemic/
racial discrimination,https://www.brookings.edu/articles/the-russian-invasion-of-ukraine-shows-racism-has-no-boundaries/
racial discrimination,https://www.brookings.edu/articles/introducing-the-brookings-and-ashoka-collaborative-innovation-challenge-valuing-homes-in-black-communities/
racial discrimination,https://www.brookings.edu/articles/student-loans-the-racial-wealth-divide-and-why-we-need-full-student-debt-cancellation/
racial discrimination,https://www.brookings.edu/articles/building-regional-coalitions-to-transform-talent-and-modernize-manufacturing-in-western-new-york/
racial discrimination,https://www.brookings.edu/articles/how-will-the-supreme-courts-recent-decisions-affect-young-voters/
racial discrimination,https://www.brookings.edu/articles/pandemic-highlights-the-vulnerability-of-migrant-workers-in-the-middle-east/
racial discrimination,https://www.brookings.edu/articles/there-are-clear-race-based-inequalities-in-health-insurance-and-health-outcomes/
racial discrimination,https://www.brookings.edu/news/the-passing-of-brookings-institution-trustee-vernon-jordan/
racial discrimination,https://www.brookings.edu/articles/hutchins-roundup-labor-share-capital-gains-taxes-and-more/
racial discrimination,https://www.brookings.edu/articles/a-winning-hand-the-uncertain-future-of-environmental-justice/
racial discrimination,https://www.brookings.edu/articles/an-executive-order-explainer-why-the-courts-will-have-the-final-say-on-trumps-anti-dei-actions/
racial discrimination,https://www.brookings.edu/articles/biased-appraisals-and-the-devaluation-of-housing-in-black-neighborhoods/
racial discrimination,https://www.brookings.edu/books/governments-greatest-achievements/
racial discrimination,https://www.brookings.edu/articles/black-wealth-is-increasing-but-so-is-the-racial-wealth-gap/
racial discrimination,https://www.brookings.edu/articles/the-racial-implications-of-medical-debt-how-moving-toward-universal-health-care-and-other-reforms-can-address-them/
racial discrimination,https://www.brookings.edu/articles/living-with-covid-19-will-not-be-easy-for-many-americans-suffering-from-long-covid-19-particularly-those-from-diverse-communities/
racial discrimination,https://www.brookings.edu/articles/increasing-ssi-benefits-is-a-more-effective-approach-to-reducing-poverty-than-an-enhanced-social-security-minimum-benefit/
racial discrimination,https://www.brookings.edu/articles/the-devaluation-of-assets-in-black-neighborhoods-the-case-of-commercial-property/
racial discrimination,https://www.brookings.edu/articles/neighborhood-segregation-persists-for-black-latino-or-hispanic-and-asian-americans/
racial discrimination,https://www.brookings.edu/articles/democratic-candidates-begin-to-address-the-woes-of-historical-discrimination/
racial discrimination,https://www.brookings.edu/articles/what-should-the-new-commission-on-the-social-status-of-black-men-and-boys-propose-here-are-32-ideas-for-starters/
racial discrimination,https://www.brookings.edu/articles/fed-should-keep-labor-markets-tight-for-a-more-inclusive-economy/
racial discrimination,https://www.brookings.edu/centers/center-for-community-uplift/experts/
racial discrimination,https://www.brookings.edu/articles/with-only-194000-jobs-added-septembers-jobs-report-disappoints/
racial discrimination,https://www.brookings.edu/articles/investing-in-latino-children-and-youth-the-future-strength-of-the-us/
racial discrimination,https://www.brookings.edu/articles/after-20-years-of-debate-its-time-for-congress-to-finally-pass-a-baseline-privacy-law/
racial discrimination,https://www.brookings.edu/events/affirmative-action-and-the-future-of-college-admissions/
racial discrimination,https://www.brookings.edu/articles/microaggressions-stereotyping-among-reasons-why-black-math-teachers-consider-leaving-the-classroom/
racial discrimination,https://www.brookings.edu/articles/hutchins-roundup-consumer-spending-salary-history-bans-and-more/
racial discrimination,https://www.brookings.edu/articles/a-guide-to-healthy-skepticism-of-artificial-intelligence-and-coronavirus/
racial discrimination,https://www.brookings.edu/articles/no-dodd-frank-was-neither-repealed-nor-gutted-heres-what-really-happened/
racial discrimination,https://www.brookings.edu/articles/policies-that-reduce-intergenerational-poverty/
racial discrimination,https://www.brookings.edu/articles/how-artificial-intelligence-is-transforming-the-world/
racial discrimination,https://www.brookings.edu/articles/brookings-experts-reflect-on-the-legacy-of-dr-martin-luther-king-jr-50-years-after-his-assassination/
racial discrimination,https://www.brookings.edu/articles/the-black-church-and-the-2024-presidential-election/
racial discrimination,https://www.brookings.edu/articles/racial-and-ethnic-preference/
racial discrimination,https://www.brookings.edu/articles/making-a-promise-to-americas-young-people/
racial discrimination,https://www.brookings.edu/articles/why-racial-inequality-and-regional-economic-inequality-cant-be-separated/
racial discrimination,https://www.brookings.edu/articles/how-to-address-new-privacy-issues-raised-by-artificial-intelligence-and-machine-learning/
racial discrimination,https://www.brookings.edu/articles/why-is-life-expectancy-so-low-in-black-neighborhoods/
racial discrimination,https://www.brookings.edu/articles/housing-inequality-gets-worse-as-the-covid-19-pandemic-is-prolonged/
racial discrimination,https://www.brookings.edu/articles/a-country-of-newcomers/
racial discrimination,https://www.brookings.edu/articles/local-climate-risk-data-could-enable-better-decisionmaking-by-households-and-policymakers/
racial discrimination,https://www.brookings.edu/articles/how-business-leaders-and-civic-partners-in-small-and-midsized-u-s-cities-can-advance-racial-equity-and-inclusive-economic-growth/
racial discrimination,https://www.brookings.edu/articles/how-regulators-can-get-facial-recognition-technology-right/
racial discrimination,https://www.brookings.edu/articles/magnets-for-discrimination-affirmative-action-in-maryland/
racial discrimination,https://www.brookings.edu/articles/one-year-after-george-floyds-murder-what-is-the-status-of-police-reform-in-the-united-states/
racial discrimination,https://www.brookings.edu/articles/the-south-african-tax-system-a-nation-in-microcosm/
racial discrimination,https://www.brookings.edu/articles/reflections-on-homeland-security-and-american-federalism/
racial discrimination,https://www.brookings.edu/articles/understanding-urban-riots-in-france/
racial discrimination,https://www.brookings.edu/articles/single-black-female-ba-seeks-educated-husband-race-assortative-mating-and-inequality/
racial discrimination,https://www.brookings.edu/articles/the-19th-amendment-at-100-recapping-the-brookings-gender-equality-series/
racial discrimination,https://www.brookings.edu/articles/the-end-of-race-conscious-admissions/
racial discrimination,https://www.brookings.edu/articles/affirmative-action-as-an-international-human-rights-dialogue-considered-opinion/
racial discrimination,https://www.brookings.edu/articles/for-president-trump-its-1968-all-over-again/
racial discrimination,https://www.brookings.edu/articles/discipline-disparities-and-discrimination-in-schools/
racial discrimination,https://www.brookings.edu/articles/online-resources-from-the-brookings-institution-for-teachers-and-students/
racial discrimination,https://www.brookings.edu/articles/pathways-to-upward-mobility-racial-and-ethnic-inequality/
racial discrimination,https://www.brookings.edu/events/paths-to-progress-race-equity-and-democracy/
racial discrimination,https://www.brookings.edu/articles/in-las-vegas-the-house-owner-doesnt-always-win/
racial discrimination,https://www.brookings.edu/articles/pathways-to-upward-mobility-diverging-pathways/
racial discrimination,https://www.brookings.edu/articles/how-can-historically-disinvested-places-bring-opportunity-to-the-people-that-already-live-there/
racial discrimination,https://www.brookings.edu/articles/police-surveillance-and-facial-recognition-why-data-privacy-is-an-imperative-for-communities-of-color/
racial discrimination,https://www.brookings.edu/articles/resilience-in-the-face-of-a-pandemic-covid-weighs-unevenly-across-racial-lines/
racial discrimination,https://www.brookings.edu/articles/new-white-house-ai-principles-reach-beyond-economic-and-security-considerations/
racial discrimination,https://www.brookings.edu/articles/adding-a-legal-dimension-to-multidimensional-poverty/
racial discrimination,https://www.brookings.edu/articles/charts-of-the-week-the-racial-wealth-gap-the-middle-class-income-slump/
racial discrimination,https://www.brookings.edu/articles/does-the-bell-curve-ring-true-a-closer-look-at-a-grim-portrait-of-american-society/
racial discrimination,https://www.brookings.edu/articles/school-safety-commissions-report-uses-tenuous-logic-to-walk-back-guidance-on-school-discipline/
racial discrimination,https://www.brookings.edu/articles/reversing-americas-poor-track-record-on-inclusivity-in-infrastructure-jobs/
racial discrimination,https://www.brookings.edu/articles/solving-the-problem-of-racially-discriminatory-advertising-on-facebook/
racial discrimination,https://www.brookings.edu/articles/why-we-need-reparations-for-black-americans/
racial discrimination,https://www.brookings.edu/articles/voting-rights-and-next-attorney-general/
racial discrimination,https://www.brookings.edu/articles/elizabeth-warrens-comprehensive-education-plan-recognizes-community-needs/
racial discrimination,https://www.brookings.edu/events/can-algorithms-alone-reduce-online-biases/
racial discrimination,https://www.brookings.edu/articles/why-are-black-men-mad-at-obama/
racial discrimination,https://www.brookings.edu/articles/ai-is-coming-to-schools-and-if-were-not-careful-so-will-its-biases/
racial discrimination,https://www.brookings.edu/articles/protecting-privacy-in-an-ai-driven-world/
racial discrimination,https://www.brookings.edu/articles/race-policy-in-france/
racial discrimination,https://www.brookings.edu/articles/how-to-center-disability-in-the-tech-response-to-covid-19/
racial discrimination,https://www.brookings.edu/articles/affirmatively-furthering-fair-housing-considerations-for-the-new-geography-of-poverty/
racial discrimination,https://www.brookings.edu/articles/citizenship-begins-at-home-a-new-approach-to-the-civic-integration-of-immigrants/
racial discrimination,https://www.brookings.edu/articles/back-to-school-a-mixed-picture-for-u-s-young-adults/
racial discrimination,https://www.brookings.edu/articles/a-conversation-about-the-racial-wealth-gap-and-how-to-address-it/
racial discrimination,https://www.brookings.edu/articles/blueprints-to-advance-racial-justice-and-worker-mobility/
racial discrimination,https://www.brookings.edu/articles/lessons-from-the-pisa-shanghai-controversy/
racial discrimination,https://www.brookings.edu/articles/charts-of-the-week-age-and-happiness-racial-wealth-gap-electoral-college-reform/
racial discrimination,https://www.brookings.edu/articles/trumps-1st-sotu-an-opportunity-to-reaffirm-what-it-means-to-be-american/
racial discrimination,https://www.brookings.edu/articles/social-mobility-and-the-son-also-rises-the-bad/
racial discrimination,https://www.brookings.edu/articles/campaign-2020-how-to-fix-americas-housing-policies/
racial discrimination,https://www.brookings.edu/articles/can-colleges-afford-class-based-affirmative-action/
racial discrimination,https://www.brookings.edu/articles/how-black-farmers-are-sowing-seeds-of-racial-justice-liberty-and-equity/
racial discrimination,https://www.brookings.edu/articles/for-some-employment-algorithms-disability-discrimination-by-default/
racial discrimination,https://www.brookings.edu/articles/in-washington-dc-and-elsewhere-tough-on-crime-policies-make-cities-less-safe/
racial discrimination,https://www.brookings.edu/articles/egypts-draft-constitution-how-democratic-is-it/
racial discrimination,https://www.brookings.edu/articles/what-we-can-learn-from-the-effort-to-implement-bidens-executive-orders-on-advancing-equity/
racial discrimination,https://www.brookings.edu/articles/black-progress-how-far-weve-come-and-how-far-we-have-to-go/
racial discrimination,https://www.brookings.edu/articles/how-to-reform-police-monitoring-of-social-media/
racial discrimination,https://www.brookings.edu/articles/job-gap-closes-income-gap-sticks-halting-progress-towards-race-equality/
racial discrimination,https://www.brookings.edu/articles/why-dont-more-americans-work-for-black-owned-firms-implications-for-increasing-well-being/
racial discrimination,https://www.brookings.edu/articles/to-restore-north-nashvilles-black-middle-class-local-policymakers-should-pursue-reparations/
racial discrimination,https://www.brookings.edu/articles/how-black-owned-businesses-can-make-the-most-out-of-the-biden-infrastructure-plan/
racial discrimination,https://www.brookings.edu/articles/competing-visions/
racial discrimination,https://www.brookings.edu/articles/affirmative-action-dont-mend-it-or-end-it-bend-it/
racial discrimination,https://www.brookings.edu/articles/reimagining-federal-rural-policy-a-podcast-series-with-rural-matters/
racial discrimination,https://www.brookings.edu/articles/the-case-for-placing-ai-at-the-heart-of-digitally-robust-financial-regulation/
racial discrimination,https://www.brookings.edu/articles/what-brown-center-scholars-will-be-watching-in-education-policy-and-politics-in-2023/
racial discrimination,https://www.brookings.edu/articles/anti-poverty-policies-for-children-must-level-the-playing-field-across-both-racial-and-economic-lines/
racial discrimination,https://www.brookings.edu/articles/why-new-york-city-is-cracking-down-on-ai-in-hiring/
racial discrimination,https://www.brookings.edu/articles/the-great-real-estate-reset-a-data-driven-initiative-to-remake-how-and-what-we-build/
racial discrimination,https://www.brookings.edu/articles/france-rental-housing-markets/
racial discrimination,https://www.brookings.edu/centers/center-for-community-uplift/research-and-commentary/
racial discrimination,https://www.brookings.edu/articles/president-obama-and-the-summit-of-the-americas/
racial discrimination,https://www.brookings.edu/articles/from-commitments-to-action-how-ceos-can-advance-racial-equity-in-their-regional-economies/
racial discrimination,https://www.brookings.edu/articles/the-debate-on-antitrust-reform-should-incorporate-racial-equity/
racial discrimination,https://www.brookings.edu/articles/we-need-to-talk-about-well-being-why-the-study-of-well-being-is-crucial-for-race-relations-and-advancing-prosperity/
racial discrimination,https://www.brookings.edu/articles/centering-racial-equity-and-inclusion-in-pittsburghs-innovation-economy/
racial discrimination,https://www.brookings.edu/articles/drs-carson-and-price-working-together-you-can-narrow-stubborn-race-gaps-in-health-and-housing/
racial discrimination,https://www.brookings.edu/articles/war-and-liberty/
racial discrimination,https://www.brookings.edu/articles/rebuilding-toward-the-great-reset-crisis-covid-19-and-the-sustainable-development-goals/
racial discrimination,https://www.brookings.edu/articles/anti-crt-bills-are-aimed-to-incite-the-gop-base-not-parents/
racial discrimination,https://www.brookings.edu/events/affirmative-action-under-fire/
racial discrimination,https://www.brookings.edu/articles/as-juneteenth-becomes-a-federal-holiday-the-us-needs-a-culture-of-reparations/
racial discrimination,https://www.brookings.edu/articles/we-need-to-fight-segregated-schools-to-reform-the-education-system/
racial discrimination,https://www.brookings.edu/articles/president-biden-issued-a-historic-apology-for-native-american-boarding-schools-heres-what-policymakers-can-do-next-to-support-tribal-education/
racial discrimination,https://www.brookings.edu/articles/the-biden-administrations-updated-school-discipline-guidelines-fail-to-meet-the-moment/
racial discrimination,https://www.brookings.edu/articles/in-philadelphia-efforts-to-increase-educational-attainment-must-consider-the-racial-earnings-gap/
racial discrimination,https://www.brookings.edu/articles/suburban-poverty-and-the-diverse-schools-dilemma/
racial discrimination,https://www.brookings.edu/articles/welfare-revisited-young-men-need-incentives/
racial discrimination,https://www.brookings.edu/articles/why-the-trope-of-black-asian-conflict-in-the-face-of-anti-asian-violence-dismisses-solidarity/
racial discrimination,https://www.brookings.edu/events/toward-a-cohesive-cuban-civil-society/
racial discrimination,https://www.brookings.edu/articles/covid-19-is-turning-the-midwests-long-legacy-of-segregation-deadly/
racial discrimination,https://www.brookings.edu/articles/race-and-gender-biases-appear-in-online-education/
racial discrimination,https://www.brookings.edu/events/transcending-and-thriving-civil-rights-in-black-america/
racial discrimination,https://www.brookings.edu/articles/health-housing-and-racial-justice-an-agenda-for-the-trump-administration/
racial discrimination,https://www.brookings.edu/articles/a-new-contract-with-the-middle-class-health/
racial discrimination,https://www.brookings.edu/articles/measuring-racism-and-discrimination-in-economic-data/
racial discrimination,https://www.brookings.edu/articles/after-trump-rescinds-title-ix-guidance-whats-next-for-transgender-students-rights/
racial discrimination,https://www.brookings.edu/articles/three-lessons-for-boosting-postsecondary-education-and-wages-in-black-majority-cities/
racial discrimination,https://www.brookings.edu/articles/educational-gaps-among-ethnic-minorities/
racial discrimination,https://www.brookings.edu/articles/the-long-run-impacts-of-mexican-american-school-desegregation/
racial discrimination,https://www.brookings.edu/articles/the-case-for-a-civil-rights-exception-to-the-filibuster/
racial discrimination,https://www.brookings.edu/articles/how-racial-disparities-in-home-prices-reveal-widespread-discrimination/
racial discrimination,https://www.brookings.edu/articles/why-are-states-banning-critical-race-theory/
racial discrimination,https://www.brookings.edu/articles/highlights-addressing-fairness-in-the-context-of-artificial-intelligence/
racial discrimination,https://www.brookings.edu/articles/disciplinary-referrals-teachers-and-the-sources-of-racial-disciplinary-disproportionalities/
racial discrimination,https://www.brookings.edu/articles/the-george-zimmerman-trial-virtues-of-an-acquittal/
racial discrimination,https://www.brookings.edu/articles/navigating-race-and-injustice-in-americas-middle-class/
racial discrimination,https://www.brookings.edu/articles/justequity-and-the-american-judiciary-can-racial-diversity-among-judges-affect-sentencing-outcomes/
racial discrimination,https://www.brookings.edu/articles/place-based-policies-for-shared-economic-growth/
racial discrimination,https://www.brookings.edu/articles/trumps-administrative-presidency-and-its-effort-to-weaken-federal-oversight-in-public-education/
racial discrimination,https://www.brookings.edu/articles/empowering-communities/
racial discrimination,https://www.brookings.edu/articles/tech-cannot-be-governed-without-access-to-its-data/
racial discrimination,https://www.brookings.edu/articles/when-obama-lost-white-millennials/
racial discrimination,https://www.brookings.edu/articles/gender-wage-gaps-policy-brief/
racial discrimination,https://www.brookings.edu/articles/where-would-racial-progress-in-policing-be-without-camera-phones/
racial discrimination,https://www.brookings.edu/articles/hutchins-roundup-unemployment-hysteresis-small-business-lending-and-more/
racial discrimination,https://www.brookings.edu/articles/how-the-property-tax-system-harms-black-homeowners-and-widens-the-racial-wealth-gap/
racial discrimination,https://www.brookings.edu/articles/around-the-halls-brookings-scholars-discuss-a-much-needed-revision-to-americas-diversity-data/
racial discrimination,https://www.brookings.edu/articles/40-acres-and-a-mall-how-community-ownership-models-can-preserve-economic-power-in-black-neighborhoods/
racial discrimination,https://www.brookings.edu/articles/three-urgent-questions-for-the-air-forces-new-chief-of-staff/
racial discrimination,https://www.brookings.edu/articles/the-perils-and-promise-of-americas-legacy-cities-in-the-pandemic-era/
racial discrimination,https://www.brookings.edu/articles/in-another-first-tunisia-criminalizes-racism/
racial discrimination,https://www.brookings.edu/articles/discrimination-as-focal-point-markets-and-group-identity/
racial discrimination,https://www.brookings.edu/articles/fairness-in-algorithmic-decision-making/
racial discrimination,https://www.brookings.edu/articles/top-5-financial-regulatory-priorities-for-the-biden-administration/
racial discrimination,https://www.brookings.edu/articles/race-class-and-americans-perspectives-of-achievement-gaps/
racial discrimination,https://www.brookings.edu/articles/georgias-voter-suppression-bill-is-an-assault-on-our-democracy/
racial discrimination,https://www.brookings.edu/books/know-your-price/
racial discrimination,https://www.brookings.edu/articles/6-points-on-race-and-culture-from-jd-vance-and-william-julius-wilson/
racial discrimination,https://www.brookings.edu/articles/racial-gaps-in-hope-ill-being-and-deaths-of-despair/
racial discrimination,https://www.brookings.edu/articles/how-a-diverse-coalition-in-portland-ore-is-centering-racial-equity-in-a-large-scale-development-project/
racial discrimination,https://www.brookings.edu/articles/student-debt-cancellation-should-consider-wealth-not-income/
racial discrimination,https://www.brookings.edu/articles/long-shadows-the-black-white-gap-in-multigenerational-poverty/
racial discrimination,https://www.brookings.edu/articles/trade-agreements-and-labor-standards/
racial discrimination,https://www.brookings.edu/articles/what-is-artificial-intelligence/
racial discrimination,https://www.brookings.edu/articles/will-trumps-inaugural-address-recognize-americas-key-demographic-shifts/
racial discrimination,https://www.brookings.edu/articles/on-exclusionary-discipline-in-schools/
racial discrimination,https://www.brookings.edu/articles/hutchins-roundup-social-security-benefits-hiring-discrimination-and-more/
racial discrimination,https://www.brookings.edu/articles/many-rivers-to-cross-documents-african-american-history-from-juan-garrido-to-barack-obama/
racial discrimination,https://www.brookings.edu/articles/the-lessons-hurricane-katrina-taught-us-about-closing-campuses-in-a-crisis/
racial discrimination,https://www.brookings.edu/articles/has-trump-failed-black-americans/
racial discrimination,https://www.brookings.edu/articles/an-ai-fair-lending-policy-agenda-for-the-federal-financial-regulators/
racial discrimination,https://www.brookings.edu/articles/how-harris-and-trump-differ-on-tech-policy/
racial discrimination,https://www.brookings.edu/articles/it-is-time-to-restore-the-us-office-of-technology-assessment/
racial discrimination,https://www.brookings.edu/collection/19a-the-brookings-gender-equality-series/
racial discrimination,https://www.brookings.edu/articles/charts-of-the-week-americans-with-disabilities-in-education-and-the-workforce/
racial discrimination,https://www.brookings.edu/articles/enrollment-algorithms-are-contributing-to-the-crises-of-higher-education/
racial discrimination,https://www.brookings.edu/articles/just-as-we-score-policies-budget-impact-we-should-score-for-racial-equity-as-well/
racial discrimination,https://www.brookings.edu/events/webinar-race-artificial-intelligence-and-systemic-inequalities/
racial discrimination,https://www.brookings.edu/articles/black-essential-workers-lives-matter-they-deserve-real-change-not-just-lip-service/
racial discrimination,https://www.brookings.edu/articles/the-covid-19-public-health-and-economic-crises-leave-vulnerable-populations-exposed/
racial discrimination,https://www.brookings.edu/articles/hbcus-are-leading-centers-of-education-why-are-they-treated-as-second-class-institutions/
racial discrimination,https://www.brookings.edu/articles/what-the-great-recession-can-teach-us-about-the-post-pandemic-housing-market/
racial discrimination,https://www.brookings.edu/collection/how-cultural-factors-shape-economic-outcomes/
racial discrimination,https://www.brookings.edu/articles/14-mobility-must-reads-of-2014/
racial discrimination,https://www.brookings.edu/articles/kenyas-election-2017-unique-concerns-for-a-unique-country/
racial discrimination,https://www.brookings.edu/articles/volley-of-complaints-a-change-in-the-confirmation-game/
racial discrimination,https://www.brookings.edu/articles/community-land-trusts-an-old-school-innovation-with-new-school-structural-applications/
racial discrimination,https://www.brookings.edu/articles/brown-center-scholars-look-ahead-to-education-in-2025/
racial discrimination,https://www.brookings.edu/articles/preventing-endless-wars-in-syria/
racial discrimination,https://www.brookings.edu/articles/states-can-pave-the-way-on-closing-the-racial-wealth-gap/
racial discrimination,https://www.brookings.edu/articles/why-does-racial-inequality-persist-long-after-jim-crow/
racial discrimination,https://www.brookings.edu/articles/10-actions-that-will-protect-people-from-facial-recognition-software/
racial discrimination,https://www.brookings.edu/articles/taylor-lorenz-on-gen-z-influencer-culture-and-the-future-of-social-media-the-techtank-podcast/
racial discrimination,https://www.brookings.edu/articles/class-notes-universal-preschool-ideological-divisions-in-the-us-and-more/
racial discrimination,https://www.brookings.edu/articles/keeping-score-measuring-the-impacts-of-policy-proposals-on-racial-equity/
racial discrimination,https://www.brookings.edu/articles/rulemaking-and-its-discontents-moving-from-principle-to-practice-in-federal-privacy-legislation/
racial discrimination,https://www.brookings.edu/books/democracy-by-disclosure/
racial discrimination,https://www.brookings.edu/events/anxiety-nostalgia-and-mistrust-findings-from-the-2015-american-values-survey/
racial discrimination,https://www.brookings.edu/articles/it-is-not-yet-uhuru-for-the-women-of-uganda/
racial discrimination,https://www.brookings.edu/articles/civil-rights-and-artificial-intelligence-can-the-two-concepts-coexist-the-techtank-podcast/
racial discrimination,https://www.brookings.edu/articles/the-case-for-climate-reparations-in-the-united-states/
racial discrimination,https://www.brookings.edu/articles/helping-the-roma-in-bulgaria-recommendations-to-the-board-of-the-america-for-bulgaria-foundation/
racial discrimination,https://www.brookings.edu/articles/its-long-overdue-for-public-finance-scholars-to-study-racism-in-the-tax-code/
racial discrimination,https://www.brookings.edu/articles/why-state-and-local-relationships-matter-to-national-prosperity/
racial discrimination,https://www.brookings.edu/articles/the-only-good-thing-about-the-tax-bill/
racial discrimination,https://www.brookings.edu/articles/metro-areas-are-still-racially-segregated/
racial discrimination,https://www.brookings.edu/articles/facing-up-to-racial-disparity-daunting-realities-hinder-the-drive-for-equality/
racial discrimination,https://www.brookings.edu/articles/watch-brookings-scholars-address-21st-century-policy-issues-ahead-of-2020/
racial discrimination,https://www.brookings.edu/articles/internally-displaced-outside-of-camps-and-the-role-of-local-authorities-in-colombia-a-comparative-study-of-bogota-dc-and-cali/
racial discrimination,https://www.brookings.edu/articles/the-us-military-has-made-progress-in-ending-racial-discrimination-the-rest-of-our-country-must-as-well/
racial discrimination,https://www.brookings.edu/articles/how-washingtons-hawkish-china-policy-alienates-young-chinese/
racial discrimination,https://www.brookings.edu/articles/celebrating-two-years-of-tech-policy-with-the-techtank-podcast/
racial discrimination,https://www.brookings.edu/articles/around-the-halls-built-environment-issues-that-could-define-2022/
racial discrimination,https://www.brookings.edu/articles/a-memo-to-president-elect-biden-dont-coddle-white-racial-anxieties/
racial discrimination,https://www.brookings.edu/articles/the-threat-of-internal-extremism/
racial discrimination,https://www.brookings.edu/articles/yes-social-justice-and-discrimination-were-driving-issues-for-latino-voters-in-2020/
racial discrimination,https://www.brookings.edu/articles/the-college-admissions-scandal-proves-that-we-need-affirmative-action/
racial discrimination,https://www.brookings.edu/articles/five-star-reviews-one-star-profits-the-devaluation-of-businesses-in-black-communities/
racial discrimination,https://www.brookings.edu/articles/the-schuette-decision-the-supreme-court-rules-on-affirmative-action/
racial discrimination,https://www.brookings.edu/articles/2020-census-big-cities-grew-and-became-more-diverse-especially-among-their-youth/
racial discrimination,https://www.brookings.edu/articles/diversity-within-the-federal-reserve-system/
racial discrimination,https://www.brookings.edu/articles/center-for-technology-innovation-partners-with-lawfare-to-launch-new-techtank-podcast/
racial discrimination,https://www.brookings.edu/articles/imagining-a-more-digitally-inclusive-future-on-international-womens-day/
racial discrimination,https://www.brookings.edu/articles/gcc-news-roundup-saudi-arabias-driving-ban-ends-yemens-warring-parties-agree-to-resume-negotiations-june-1-june-30/
racial discrimination,https://www.brookings.edu/events/should-the-government-play-a-role-in-reducing-algorithmic-bias/
racial discrimination,https://www.brookings.edu/articles/rethinking-place-based-economic-security-in-the-age-of-climate-migration/
racial discrimination,https://www.brookings.edu/articles/teaching-about-economic-inequality-is-political-but-not-the-way-you-think/
racial discrimination,https://www.brookings.edu/articles/is-another-progressive-era-coming/
racial discrimination,https://www.brookings.edu/articles/are-the-kids-alright-saving-and-wealth-accumulation-among-the-millennial-generation/
racial discrimination,https://www.brookings.edu/articles/five-reforms-the-ftc-can-undertake-now-to-strengthen-the-agency/
racial discrimination,https://www.brookings.edu/articles/how-will-the-supreme-courts-affirmative-action-ruling-affect-college-admissions/
racial discrimination,https://www.brookings.edu/articles/dysfunctional-policies-have-broken-americas-housing-supply-chain/
racial discrimination,https://www.brookings.edu/articles/the-legal-doctrine-that-will-be-key-to-preventing-ai-discrimination/
racial discrimination,https://www.brookings.edu/articles/class-notes-marriageable-men-teen-cyberbullying-and-more/
racial discrimination,https://www.brookings.edu/articles/womens-college-basketball-could-change-indianas-religious-freedom-law/
racial discrimination,https://www.brookings.edu/articles/voices-of-the-middle-class/
racial discrimination,https://www.brookings.edu/articles/the-transformative-impact-of-data-and-communication-on-governance-part-one/
racial discrimination,https://www.brookings.edu/articles/statement-on-post-tsunami-human-rights/
racial discrimination,https://www.brookings.edu/articles/how-can-we-hold-those-who-benefit-from-racism-accountable/
racial discrimination,https://www.brookings.edu/articles/bidens-student-debt-cancellation-doesnt-solve-the-root-problems-facing-borrowers-but-its-a-start/
racial discrimination,https://www.brookings.edu/articles/10-things-we-learned-at-brookings-in-february-4/
racial discrimination,https://www.brookings.edu/articles/the-politics-of-ai-chatgpt-and-political-bias/
racial discrimination,https://www.brookings.edu/articles/10-things-we-learned-at-brookings-in-october-4/
racial discrimination,https://www.brookings.edu/articles/restraint-and-seclusion-how-policy-has-failed-to-curtail-the-use-of-dangerous-practices-in-us-public-schools/
racial discrimination,https://www.brookings.edu/articles/the-fccs-clock-is-ticking-on-defining-digital-discrimination/
racial discrimination,https://www.brookings.edu/articles/brown-center-scholars-look-ahead-to-education-in-2024/
racial discrimination,https://www.brookings.edu/articles/governments-greatest-achievements-of-the-past-half-century/
racial discrimination,https://www.brookings.edu/articles/pathways-to-upward-mobility-associated-factors/
racial discrimination,https://www.brookings.edu/articles/demography-diversity-and-democracy-the-2000-census-story/
racial discrimination,https://www.brookings.edu/articles/time-for-justice-tackling-race-inequalities-in-health-and-housing/
racial discrimination,https://www.brookings.edu/articles/biden-should-restore-the-office-of-economic-opportunity-abolished-by-reagan/
racial discrimination,https://www.brookings.edu/articles/desegregating-work-and-learning/
racial discrimination,https://www.brookings.edu/articles/the-supreme-courts-non-decision-on-affirmative-action/
racial discrimination,https://www.brookings.edu/articles/how-does-information-about-ai-regulation-affect-managers-choices/
racial discrimination,https://www.brookings.edu/articles/making-ai-more-explainable-to-protect-the-public-from-individual-and-community-harms/
racial discrimination,https://www.brookings.edu/articles/what-to-make-of-fisher-v-texas-an-interesting-punt-on-affirmative-action/
racial discrimination,https://www.brookings.edu/events/aapi-heritage-month-safeguarding-asian-american-inclusion-and-belonging/
racial discrimination,https://www.brookings.edu/articles/to-grow-black-opportunity-we-have-to-defeat-racism/
racial discrimination,https://www.brookings.edu/articles/homeownership-racial-segregation-and-policies-for-racial-wealth-equity/
racial discrimination,https://www.brookings.edu/articles/online-behavioral-advertising-can-be-discriminatory-so-whats-the-plan-to-fix-this-the-techtank-podcast/
racial discrimination,https://www.brookings.edu/articles/50-years-after-the-kerner-commission-report-the-nation-is-still-grappling-with-many-of-the-same-issues/
racial discrimination,https://www.brookings.edu/articles/the-hamilton-project-in-2020-a-year-in-figures/
racial discrimination,https://www.brookings.edu/articles/commission-charts-fergusons-path-forward/
racial discrimination,https://www.brookings.edu/articles/the-brookings-glossary-of-ai-and-emerging-technologies/
racial discrimination,https://www.brookings.edu/articles/george-floyds-death-demonstrates-the-policy-violence-that-devalues-black-lives/
racial discrimination,https://www.brookings.edu/articles/cities-and-states-are-on-the-front-lines-of-the-economic-battle-against-covid-19/
racial discrimination,https://www.brookings.edu/articles/school-leadership-an-untapped-opportunity-to-draw-young-people-of-color-into-teaching/
racial discrimination,https://www.brookings.edu/articles/how-racial-bias-in-appraisals-affects-the-devaluation-of-homes-in-majority-black-neighborhoods/
racial discrimination,https://www.brookings.edu/centers/center-for-community-uplift/about/
racial discrimination,https://www.brookings.edu/articles/and-the-oscar-for-best-movie-in-an-urban-setting-goes-to/
racial discrimination,https://www.brookings.edu/articles/how-to-build-black-wealth/
racial discrimination,https://www.brookings.edu/articles/a-discussion-on-corporate-fraud-and-diversity-in-the-us-justice-department/
racial discrimination,https://www.brookings.edu/articles/awareness-reduces-racial-bias/
racial discrimination,https://www.brookings.edu/events/improving-racial-equity-through-public-policy/
racial discrimination,https://www.brookings.edu/articles/the-real-estate-industry-is-divesting-from-donald-trump-but-divesting-from-white-supremacy-requires-more/
racial discrimination,https://www.brookings.edu/articles/examining-the-intersection-of-data-privacy-and-civil-rights/
racial discrimination,https://www.brookings.edu/articles/an-analysis-of-financial-institutions-in-black-majority-communities-black-borrowers-and-depositors-face-considerable-challenges-in-accessing-banking-services/
racial discrimination,https://www.brookings.edu/articles/do-we-really-want-immigrants-to-assimilate/
racial discrimination,https://www.brookings.edu/books/equality-and-efficiency/
racial discrimination,https://www.brookings.edu/articles/how-a-kansas-city-neighborhood-is-protecting-renters-while-investing-in-itself/
racial discrimination,https://www.brookings.edu/articles/executive-orders-lgbt-protections-for-federal-contractors/
racial discrimination,https://www.brookings.edu/articles/how-devalued-are-homes-in-black-homes-in-nfl-teams-metro-areas/
racial discrimination,https://www.brookings.edu/events/trump-driven-polarization-reflects-divergent-views-of-americas-future/
racial discrimination,https://www.brookings.edu/articles/the-supreme-court-is-poised-to-reverse-affirmative-action-heres-what-you-need-to-know/
racial discrimination,https://www.brookings.edu/books/politics-and-the-professors/
racial discrimination,https://www.brookings.edu/articles/5-facts-about-prisoners-and-work-before-and-after-incarceration/
racial discrimination,https://www.brookings.edu/articles/the-country-needs-to-build-homes-and-community-like-jimmy-carter/
racial discrimination,https://www.brookings.edu/articles/how-can-government-make-housing-more-affordable/
racial discrimination,https://www.brookings.edu/articles/bipartisanship-in-banking-is-back/
racial discrimination,https://www.brookings.edu/articles/teachers-in-the-us-are-even-more-segregated-than-students/
racial discrimination,https://www.brookings.edu/articles/cultivating-the-next-generation-of-nonprofit-leaders-in-metro-areas/
racial discrimination,https://www.brookings.edu/articles/building-shared-prosperity-in-americas-cities/
racial discrimination,https://www.brookings.edu/articles/6-charts-showing-race-gaps-within-the-american-middle-class/
racial discrimination,https://www.brookings.edu/articles/the-darfur-crisis-in-context/
racial discrimination,https://www.brookings.edu/articles/americans-continue-to-protest-for-racial-justice-60-years-after-the-march-on-washington/
racial discrimination,https://www.brookings.edu/articles/reforming-school-discipline-what-works-to-reduce-racial-inequalities/
racial discrimination,https://www.brookings.edu/articles/brookings-scholars-analyze-trumps-order-to-dismantle-the-department-of-education/
racial discrimination,https://www.brookings.edu/articles/promise-and-pitfalls-of-housing-choice-vouchers-vary-across-the-nation/
racial discrimination,https://www.brookings.edu/articles/when-it-comes-to-public-opinion-on-race-its-not-1968-anymore/
racial discrimination,https://www.brookings.edu/articles/pandemics-and-protests-america-has-experienced-racism-like-this-before/
racial discrimination,https://www.brookings.edu/articles/the-trump-administrations-unlawful-attempt-to-redefine-racial-discrimination/
racial discrimination,https://www.brookings.edu/articles/automation-isnt-the-only-trend-affecting-workers-but-thats-no-reason-to-ignore-the-threat/
racial discrimination,https://www.brookings.edu/articles/three-ways-the-biden-administration-can-promote-economic-security-for-black-americans/
racial discrimination,https://www.brookings.edu/articles/the-black-white-gap-in-wealth-mobility-and-what-to-do-about-it/
racial discrimination,https://www.brookings.edu/articles/the-labor-market-doesnt-have-a-skills-gap-it-has-an-opportunity-gap/
racial discrimination,https://www.brookings.edu/articles/missed-opportunities-to-understand-the-prevalence-of-racism-in-the-u-s-in-the-covid-19-era/
racial discrimination,https://www.brookings.edu/articles/an-american-tragedy-the-legacy-of-slavery-lingers-in-our-cities-ghettos/
racial discrimination,https://www.brookings.edu/articles/what-it-means-to-be-an-american-attitudes-in-an-increasingly-diverse-america-ten-years-after-911/
racial discrimination,https://www.brookings.edu/articles/black-history-month-america-schools-education/
racial discrimination,https://www.brookings.edu/articles/brookings-experts-first-presidential-debate/
racial discrimination,https://www.brookings.edu/articles/the-black-innovators-who-elevated-the-united-states-reassessing-the-golden-age-of-invention/
racial discrimination,https://www.brookings.edu/articles/hutchins-roundup-medicare-spending-capital-buffers-and-more/
racial discrimination,https://www.brookings.edu/articles/cost-crowding-or-commuting-housing-stress-on-the-middle-class/
racial discrimination,https://www.brookings.edu/articles/reversing-the-war-on-drugs-a-five-point-plan/
racial discrimination,https://www.brookings.edu/articles/how-to-fund-black-businesses-during-a-dei-backlash/
racial discrimination,https://www.brookings.edu/articles/masses-in-flight-people-under-assault-in-their-own-countries/
racial discrimination,https://www.brookings.edu/articles/moving-beyond-sprawl-toward-a-broader-metropolitan-agenda/
racial discrimination,https://www.brookings.edu/articles/the-eu-and-us-diverge-on-ai-regulation-a-transatlantic-comparison-and-steps-to-alignment/
racial discrimination,https://www.brookings.edu/articles/abby-johnsons-comments-about-her-adopted-black-son-are-problematic-heres-why/
racial discrimination,https://www.brookings.edu/articles/in-victory-or-defeat-reckoning-with-the-racial-politics-of-the-2024-election-will-help-the-country-move-forward/
racial discrimination,https://www.brookings.edu/articles/recognizing-black-and-latino-majority-cities-is-the-first-step-to-finding-a-real-world-wakanda/
racial discrimination,https://www.brookings.edu/articles/the-new-french-minority-politics/
racial discrimination,https://www.brookings.edu/articles/why-is-trump-obsessed-with-suburbia/
racial discrimination,https://www.brookings.edu/articles/is-there-a-doctor-in-the-house-the-challenge-of-primary-health-care-in-libya/
racial discrimination,https://www.brookings.edu/articles/debunking-the-narratives-about-cryptocurrency-and-financial-inclusion/
racial discrimination,https://www.brookings.edu/articles/americas-formerly-redlines-areas-changed-so-must-solutions/
racial discrimination,https://www.brookings.edu/articles/penalizing-black-hair-in-the-name-of-academic-success-is-undeniably-racist-unfounded-and-against-the-law/
racial discrimination,https://www.brookings.edu/articles/the-demographics-of-racial-inequality-in-the-united-states/
racial discrimination,https://www.brookings.edu/articles/can-white-supremacy-be-legislated-under-trump/
racial discrimination,https://www.brookings.edu/articles/welcome-neighbors-new-evidence-on-the-possibility-of-stable-racial-integration/
racial discrimination,https://www.brookings.edu/articles/survey-says-loose-coalitions-within-both-republicans-and-democrats-in-the-united-states/
racial discrimination,https://www.brookings.edu/articles/charts-of-the-week-coronaviruss-impacts-on-learning-employment-and-deaths-of-black-americans/
racial discrimination,https://www.brookings.edu/articles/preventing-racial-hate-crimes-means-tackling-white-supremacist-ideology/
racial discrimination,https://www.brookings.edu/articles/reforming-federal-procurement-and-acquisitions-policies/
racial discrimination,https://www.brookings.edu/articles/who-is-driving-black-business-growth-insights-from-the-latest-data-on-black-owned-businesses/
racial discrimination,https://www.brookings.edu/articles/closing-the-racial-gap-in-economic-and-social-power/
racial discrimination,https://www.brookings.edu/articles/is-civil-society-obsolete-revisiting-predictions-of-the-decline-of-civil-society-in-whose-keeper/
racial discrimination,https://www.brookings.edu/articles/nine-rules-for-better-housing-policy/
racial discrimination,https://www.brookings.edu/es/articles/como-puede-el-gobierno-hacer-que-la-vivienda-sea-mas-asequible/
racial discrimination,https://www.brookings.edu/articles/black-white-disparity-in-student-loan-debt-more-than-triples-after-graduation/
racial discrimination,https://www.brookings.edu/articles/an-evidence-based-selection-process-for-equitable-hiring-in-west-michigan/
racial discrimination,https://www.brookings.edu/articles/class-notes-housing-discrimination-student-loan-forgiveness-and-more/
racial discrimination,https://www.brookings.edu/articles/around-the-halls-what-should-the-biden-administration-prioritize-in-a-policy-agenda-that-promotes-equity-for-black-americans/
racial discrimination,https://www.brookings.edu/articles/recognizing-that-words-have-the-power-to-harm-we-commit-to-using-more-just-language-to-describe-places/
racial discrimination,https://www.brookings.edu/events/five-star-reviews-one-star-profits-the-devaluation-of-businesses-in-black-communities/
racial discrimination,https://www.brookings.edu/articles/a-regressive-student-loan-system-results-in-costly-racial-disparities/
racial discrimination,https://www.brookings.edu/articles/internally-displaced-outside-of-camps-and-the-role-of-local-authorities-in-colombia-a-comparative-study-of-bogot-dc-and-cali/
racial discrimination,https://www.brookings.edu/articles/latinos-and-the-future-of-finance-why-we-need-to-examine-the-motivations-and-effects-of-latinos-fintech-adoption/
racial discrimination,https://www.brookings.edu/articles/the-behavioral-aspects-of-poverty/
racial discrimination,https://www.brookings.edu/articles/a-ray-of-hope-in-a-dark-moment/
racial discrimination,https://www.brookings.edu/articles/rethinking-homeownership-incentives-to-improve-household-financial-security-and-shrink-the-racial-wealth-gap/
racial discrimination,https://www.brookings.edu/articles/a-different-approach-to-boarded-up-houses-and-devalued-homes-catalysts-for-community-led-renewal-in-black-neighborhoods/
racial discrimination,https://www.brookings.edu/articles/criminal-justice-reform-issues-and-options-for-the-next-president/
racial discrimination,https://www.brookings.edu/articles/government-sponsored-enterprises-at-the-crossroads/
racial discrimination,https://www.brookings.edu/articles/a-new-wave-of-female-political-activism/
racial discrimination,https://www.brookings.edu/articles/how-black-leaders-are-pursuing-racial-equity-in-st-louis/
racial discrimination,https://www.brookings.edu/articles/the-other-american-dream-social-mobility-race-and-opportunity/
racial discrimination,https://www.brookings.edu/articles/how-we-rise-how-social-networks-impact-economic-mobility-in-racine-wi-san-francisco-ca-and-washington-dc/
racial discrimination,https://www.brookings.edu/articles/recognizing-majority-black-cities-when-their-existence-is-being-questioned/
racial discrimination,https://www.brookings.edu/articles/it-is-time-for-a-cannabis-opportunity-agenda/
racial discrimination,https://www.brookings.edu/articles/understanding-latino-wealth/
racial discrimination,https://www.brookings.edu/articles/build-race-equity-into-rezoning-decisions/
racial discrimination,https://www.brookings.edu/articles/open-letter-to-teachers-who-feel-trapped-in-racist-schools/
racial discrimination,https://www.brookings.edu/events/examining-racial-bias-in-home-appraisals-screening-of-our-america-lowballed/
racial discrimination,https://www.brookings.edu/articles/whats-in-store-for-cities-and-metropolitan-areas-across-the-nation-in-president-trumps-second-term-in-the-white-house/
racial discrimination,https://www.brookings.edu/articles/does-federalism-have-a-future/
racial discrimination,https://www.brookings.edu/articles/displacement-natural-disasters-and-human-rights/
racial discrimination,https://www.brookings.edu/articles/data-driven-policings-threat-to-our-constitutional-rights/
racial discrimination,https://www.brookings.edu/articles/5-questions-policymakers-should-ask-about-facial-recognition-law-enforcement-and-algorithmic-bias/
racial discrimination,https://www.brookings.edu/articles/class-notes-college-readiness-disability-insurance-and-more/
racial discrimination,https://www.brookings.edu/articles/affirmative-action-opening-up-workplace-networks-to-afro-americans/
racial discrimination,https://www.brookings.edu/articles/the-historical-role-of-race-and-policy-for-regional-inequality/
racial discrimination,https://www.brookings.edu/articles/a-repast-we-are-still-attending-for-martin-luther-king-jr/
racial discrimination,https://www.brookings.edu/articles/internal-displacement-a-human-rights-issue/
racial discrimination,https://www.brookings.edu/articles/understanding-risk-assessment-instruments-in-criminal-justice/
racial discrimination,https://www.brookings.edu/articles/united-states-gives-itself-high-marks-on-human-rights-but-what-comes-next/
racial discrimination,https://www.brookings.edu/articles/what-are-the-labor-market-returns-to-mbas-from-broad-access-institutions/
racial discrimination,https://www.brookings.edu/articles/the-wellness-industrys-risky-embrace-of-ai-driven-mental-health-care/
racial discrimination,https://www.brookings.edu/articles/black-women-are-earning-more-college-degrees-but-that-alone-wont-close-race-gaps/
racial discrimination,https://www.brookings.edu/articles/special-procedures-mandate-holders-deeply-concerned-by-situation-in-kenya/
racial discrimination,https://www.brookings.edu/articles/questions-for-technology-ceos-testifying-before-congress/
racial discrimination,https://www.brookings.edu/articles/what-does-the-research-say-about-how-to-reduce-student-misbehavior-in-schools/
racial discrimination,https://www.brookings.edu/articles/closing-the-racial-wealth-gap-requires-heavy-progressive-taxation-of-wealth/
racial discrimination,https://www.brookings.edu/articles/american-racial-and-ethnic-politics-in-the-21st-century-a-cautious-look-ahead/
racial discrimination,https://www.brookings.edu/articles/trumps-1st-sotu-will-he-reinforce-his-push-for-school-choice/
racial discrimination,https://www.brookings.edu/articles/can-fintech-increase-lending-how-courts-are-undermining-financial-inclusion/
racial discrimination,https://www.brookings.edu/articles/question-answer-session-on-darfur/
racial discrimination,https://www.brookings.edu/articles/black-owned-businesses-in-u-s-cities-the-challenges-solutions-and-opportunities-for-prosperity/
racial discrimination,https://www.brookings.edu/books/diamonds-are-forever/
racial discrimination,https://www.brookings.edu/articles/why-immigration-reform-is-bad-politics-this-year/
racial discrimination,https://www.brookings.edu/articles/former-fed-chair-janet-yellen-on-gender-and-racial-diversity-of-the-federal-governments-economists/
racial discrimination,https://www.brookings.edu/articles/dwights-glasses-2/
racial discrimination,https://www.brookings.edu/articles/americas-path-to-success/
racial discrimination,https://www.brookings.edu/articles/7-findings-that-illustrate-racial-disparities-in-education/
racial discrimination,https://www.brookings.edu/articles/dont-ignore-class-when-addressing-racial-gaps-in-intergenerational-mobility/
racial discrimination,https://www.brookings.edu/articles/is-the-united-states-a-racist-country/
racial discrimination,https://www.brookings.edu/articles/a-time-to-heal-a-time-to-build/
racial discrimination,https://www.brookings.edu/articles/churches-are-closing-in-predominantly-black-communities-why-public-health-officials-should-be-concerned/
racial discrimination,https://www.brookings.edu/articles/10-things-we-learned-at-brookings-in-february-5/
racial discrimination,https://www.brookings.edu/articles/the-social-insurance-system-in-the-u-s-policies-to-protect-workers-and-families-2/
racial discrimination,https://www.brookings.edu/articles/by-word-and-by-deed-ben-carson-is-abdicating-huds-historic-responsibilities/
racial discrimination,https://www.brookings.edu/articles/the-european-commission-considers-new-regulations-and-enforcement-for-high-risk-ai/
racial discrimination,https://www.brookings.edu/articles/following-the-success-sequence-success-is-more-likely-if-youre-white/
racial discrimination,https://www.brookings.edu/articles/ai-needs-more-regulation-not-less/
racial discrimination,https://www.brookings.edu/articles/mayors-cryptocurrency-wont-solve-your-cities-problems/
racial discrimination,https://www.brookings.edu/articles/exclusive-communities-deepen-inequality-in-every-metro-area/
racial discrimination,https://www.brookings.edu/articles/cia-et-banlieues-francaises-decryptage-dune-info-choc/
racial discrimination,https://www.brookings.edu/articles/arab-and-muslim-america-a-snapshot/
racial discrimination,https://www.brookings.edu/articles/black-americans-were-forced-into-social-distancing-long-before-the-coronavirus/
racial discrimination,https://www.brookings.edu/articles/a-university-led-remedy-to-place-based-discrimination-in-richmond-va/
racial discrimination,https://www.brookings.edu/articles/the-doj-attempt-to-block-school-vouchers-in-louisiana-undermines-civil-rights/
racial discrimination,https://www.brookings.edu/articles/todays-suburbs-are-symbolic-of-americas-rising-diversity-a-2020-census-portrait/
racial discrimination,https://www.brookings.edu/articles/race-is-a-key-factor-in-the-2024-presidential-election/
racial discrimination,https://www.brookings.edu/articles/why-busing-was-a-fake-issue/
racial discrimination,https://www.brookings.edu/articles/the-next-mark-zuckerberg-is-at-a-historically-black-college/
racial discrimination,https://www.brookings.edu/articles/bloombergs-comments-on-redlining-distort-a-history-of-racism/
racial discrimination,https://www.brookings.edu/articles/setting-the-record-straight-on-black-voter-turnout/
racial discrimination,https://www.brookings.edu/events/11th-annual-municipal-finance-conference/
racial discrimination,https://www.brookings.edu/articles/to-enhance-community-services-and-empower-workers-local-governments-are-building-their-own-gig-work-platforms/
racial discrimination,https://www.brookings.edu/articles/algorithmic-bias-detection-and-mitigation-best-practices-and-policies-to-reduce-consumer-harms/
racial discrimination,https://www.brookings.edu/articles/the-supreme-courts-decision-to-strike-down-affirmative-action-means-that-hbcu-investment-is-more-important-than-ever/
racial discrimination,https://www.brookings.edu/articles/unveiling-the-data-gap-event-highlights-need-for-better-economic-data-on-lgbtq-individuals/
racial discrimination,https://www.brookings.edu/articles/how-younger-voters-will-impact-elections-what-is-happening-to-the-white-evangelical-vote/
racial discrimination,https://www.brookings.edu/articles/do-school-secessions-worsen-racial-segregation-its-complicated/
racial discrimination,https://www.brookings.edu/articles/how-racial-and-regional-inequality-affect-economic-opportunity/
racial discrimination,https://www.brookings.edu/articles/when-middle-class-incomes-collapse-how-you-gonna-pay-next-months-rent/
racial discrimination,https://www.brookings.edu/articles/the-tragedy-of-migrants-in-libya/
racial discrimination,https://www.brookings.edu/articles/addressing-racial-bias-in-the-online-economy/
racial discrimination,https://www.brookings.edu/articles/what-will-bidens-student-loan-forgiveness-mean-for-black-students-and-families/
racial discrimination,https://www.brookings.edu/articles/how-to-improve-technical-expertise-for-judges-in-ai-related-litigation/
racial discrimination,https://www.brookings.edu/articles/gender-race-and-intersectional-bias-in-ai-resume-screening-via-language-model-retrieval/
racial discrimination,https://www.brookings.edu/articles/black-tax-evidence-of-racial-discrimination-in-municipal-borrowing-costs/
racial discrimination,https://www.brookings.edu/articles/the-u-s-can-improve-its-ai-governance-strategy-by-addressing-online-biases/
racial discrimination,https://www.brookings.edu/articles/gay-marriage-hits-the-supreme-court/
racial discrimination,https://www.brookings.edu/articles/rural-main-streets-cant-achieve-economic-revival-without-bridging-social-divides/
racial discrimination,https://www.brookings.edu/articles/hutchins-roundup-immigrant-labor-nafta-and-more/
racial discrimination,https://www.brookings.edu/articles/racial-disparities-in-school-discipline/
racial discrimination,https://www.brookings.edu/articles/from-relief-to-recovery-stage-2-recovery/
racial discrimination,https://www.brookings.edu/articles/u-s-inauguration-inspires-worries-taiwan/
racial discrimination,https://www.brookings.edu/articles/charlottesville-and-donald-trumps-crass-political-opportunism/
racial discrimination,https://www.brookings.edu/articles/black-people-are-still-seeking-racial-justice-why-and-what-to-do-about-it/
racial discrimination,https://www.brookings.edu/articles/taking-stock-cdfis-look-ahead-after-25-years-of-community-development-finance/
racial discrimination,https://www.brookings.edu/articles/discrimination-in-the-healthcare-system-is-leading-to-vaccination-hesitancy/
racial discrimination,https://www.brookings.edu/articles/class-notes-boys-and-men-home-evictions-and-more/
racial discrimination,https://www.brookings.edu/articles/class-notes-taxing-billionaires-college-course-availability-and-more/
racial discrimination,https://www.brookings.edu/articles/masterpiece-cake-baker-wins-but-the-supreme-court-leaves-key-questions-unanswered/
racial discrimination,https://www.brookings.edu/articles/introducing-the-ai-equity-lab-and-the-path-toward-more-inclusive-tech/
racial discrimination,https://www.brookings.edu/articles/and-environmental-justice-for-all/
racial discrimination,https://www.brookings.edu/articles/with-trump-back-in-office-whats-next-for-the-us-department-of-educations-office-for-civil-rights/
racial discrimination,https://www.brookings.edu/articles/new-data-shows-small-businesses-in-communities-of-color-had-unequal-access-to-federal-covid-19-relief/
racial discrimination,https://www.brookings.edu/articles/how-ai-bots-and-voice-assistants-reinforce-gender-bias/
racial discrimination,https://www.brookings.edu/centers/center-for-community-uplift/events/
racial discrimination,https://www.brookings.edu/articles/how-cleveland-is-bridging-both-digital-and-racial-divides/
racial discrimination,https://www.brookings.edu/articles/examining-the-black-white-wealth-gap/
racial discrimination,https://www.brookings.edu/articles/investing-in-latino-or-hispanic-owned-businesses-is-a-winning-strategy-to-drive-regional-and-national-growth/
racial discrimination,https://www.brookings.edu/articles/how-to-address-ai-ethical-dilemmas/
racial discrimination,https://www.brookings.edu/articles/obergefell-v-hodges-same-sex-marriage-cultural-jousting-at-the-supreme-court/
racial discrimination,https://www.brookings.edu/articles/race-poverty-and-interpreting-overrepresentation-in-special-education/
racial discrimination,https://www.brookings.edu/articles/what-are-the-economic-and-legal-implications-of-president-trumps-dei-and-lgbtqia-executive-orders/
racial discrimination,https://www.brookings.edu/articles/trend-1-separate-and-unequal-neighborhoods-are-sustaining-racial-and-economic-injustice-in-the-us/
racial discrimination,https://www.brookings.edu/articles/ban-the-box-does-more-harm-than-good/
racial discrimination,https://www.brookings.edu/articles/ethnicity-an-african-predicament/
racial discrimination,https://www.brookings.edu/articles/brookings-experts-on-trumps-first-state-of-the-union/
racial discrimination,https://www.brookings.edu/articles/what-transformative-placemaking-taught-us-in-2020-and-how-it-can-help-build-a-better-future/
racial discrimination,https://www.brookings.edu/articles/disproportionality-in-student-discipline-connecting-policy-to-research/
racial discrimination,https://www.brookings.edu/articles/diverse-neighborhoods-are-made-of-diverse-housing/
racial discrimination,https://www.brookings.edu/articles/why-national-preemption-has-become-a-technology-policy-flash-point/
racial discrimination,https://www.brookings.edu/articles/the-century-gap-low-economic-mobility-for-black-men-150-years-after-the-civil-war/
racial discrimination,https://www.brookings.edu/articles/northams-racist-photo-and-the-conversation-about-race-we-need-to-have/
racial discrimination,https://www.brookings.edu/events/racial-wealth-inequality-social-problems-and-solutions/
racial discrimination,https://www.brookings.edu/articles/statement-to-the-annual-members-meeting-of-the-international-save-the-children-alliance/
racial discrimination,https://www.brookings.edu/articles/auditing-employment-algorithms-for-discrimination/
racial discrimination,https://www.brookings.edu/articles/problems-of-the-second-generation-to-be-young-muslim-and-american/
racial discrimination,https://www.brookings.edu/articles/unleashing-the-creativity-of-teachers-and-students-to-combat-climate-change-an-opportunity-for-global-leadership/
racial discrimination,https://www.brookings.edu/articles/how-the-presidents-twitter-account-affects-civil-society/
racial discrimination,https://www.brookings.edu/centers/center-for-community-uplift/
racial discrimination,https://www.brookings.edu/articles/how-economic-concerns-are-shaping-the-youth-vote-in-2024/
racial discrimination,https://www.brookings.edu/articles/tackling-unfinished-business-and-taking-on-current-challenges-putting-bidens-mental-health-proposals-in-context/
racial discrimination,https://www.brookings.edu/articles/how-the-national-science-foundation-is-taking-on-fairness-in-ai/
